{"cameraMode":{"drawMode":0,"name":"Shaded","section":"Shading Mode"},"sceneLighting":true,"audioPlay":false,"sceneViewState":{"showFog":true,"showMaterialUpdate":true,"showSkybox":false,"showFlares":true,"showImageEffects":true,"showParticleSystems":true},"in2DMode":false,"pivot":{"x":-0.24511316418647767,"y":7.354171276092529,"z":-26.6774959564209},"rotation":{"x":-0.2481655776500702,"y":0.013651760295033455,"z":-0.003499253187328577,"w":-0.9686151146888733},"size":22.0,"orthographic":false}