{"cameraMode":{"drawMode":0,"name":"Shaded","section":"Shading Mode"},"sceneLighting":true,"audioPlay":false,"sceneViewState":{"showFog":true,"showMaterialUpdate":true,"showSkybox":false,"showFlares":true,"showImageEffects":true,"showParticleSystems":true},"in2DMode":false,"pivot":{"x":-12.689785957336426,"y":2.7063546180725099,"z":-2.8129749298095705},"rotation":{"x":-0.27024969458580019,"y":-0.2513453960418701,"z":0.07331237196922302,"w":-0.9265074133872986},"size":31.97316551208496,"orthographic":false}