{"cameraMode":{"drawMode":0,"name":"Shaded","section":"Shading Mode"},"sceneLighting":true,"audioPlay":false,"sceneViewState":{"showFog":true,"showMaterialUpdate":true,"showSkybox":false,"showFlares":true,"showImageEffects":true,"showParticleSystems":true},"in2DMode":false,"pivot":{"x":35.4136848449707,"y":17.997739791870118,"z":-13.685715675354004},"rotation":{"x":-0.1561698019504547,"y":0.4433549642562866,"z":-0.0787595883011818,"w":-0.879115641117096},"size":5.984349250793457,"orthographic":false}