{"cameraMode":{"drawMode":0,"name":"Shaded","section":"Shading Mode"},"sceneLighting":true,"audioPlay":false,"sceneViewState":{"showFog":true,"showMaterialUpdate":true,"showSkybox":false,"showFlares":true,"showImageEffects":true,"showParticleSystems":true},"in2DMode":false,"pivot":{"x":17.683109283447267,"y":-19.26961326599121,"z":73.09761047363281},"rotation":{"x":-0.17784644663333894,"y":0.012706424109637738,"z":-0.002295971615239978,"w":-0.9839735627174377},"size":89.48087310791016,"orthographic":false}