{"cameraMode":{"drawMode":0,"name":"Shaded","section":"Shading Mode"},"sceneLighting":true,"audioPlay":false,"sceneViewState":{"showFog":true,"showMaterialUpdate":true,"showSkybox":false,"showFlares":true,"showImageEffects":true,"showParticleSystems":true},"in2DMode":false,"pivot":{"x":-22.845539093017579,"y":-261.40484619140627,"z":588.3442993164063},"rotation":{"x":-0.21168944239616395,"y":0.007910621352493763,"z":-0.0017147711478173733,"w":-0.9773034453392029},"size":672.0863037109375,"orthographic":false}