{"cameraMode":{"drawMode":0,"name":"Shaded","section":"Shading Mode"},"sceneLighting":true,"audioPlay":false,"sceneViewState":{"showFog":true,"showMaterialUpdate":true,"showSkybox":false,"showFlares":true,"showImageEffects":true,"showParticleSystems":true},"in2DMode":false,"pivot":{"x":305.50933837890627,"y":-104.13617706298828,"z":0.20672203600406648},"rotation":{"x":-0.11618553102016449,"y":-0.6985162496566773,"z":0.11653514206409455,"w":-0.6964162588119507},"size":346.77789306640627,"orthographic":false}